-9,9437295500115184	-29,831188650034552	7,5572344580087538	52,105142842060353
49,004386997240658	127,41140619282571	7,44866682358058	31,754842774211951
9,6607450262112149	-28,982235078633646	-11,979323832501906	11,979323832501906
9,537148800031634	66,760041600221427	7,2482330880240413	-64,471125888213834
235,31082311581167	65,88703047242727	63,628046570515473	105,79574607286894
120,66214449067357	27,845110267078518	-30,072719088444799	-7,0540946009932242
210,72330217343412	45,809413515963939	-11,360734551959057	48,008265364730207
171,97093313624683	-117,66432267216889	-29,325569650602095	-43,083244301501836
187,64282471613976	80,418353449774173	78,273864024446866	100,43358808616242
220,6235048772985	44,124700975459703	6,7069545482698745	116,84220818301729
200,89390053510459	43,672587072848827	111,4524422099102	63,2379060814851
94,956712207780114	25,897285147576394	-79,763638254535294	62,498781489484372
59,697411760755479	-25,584605040323776	-44,68777680376553	10,574970083333827
176,94844954319115	8,4261166449138649	-27,300617929520921	10,448384639693192
124,95645203861288	24,991290407722577	22,991987175104768	10,32973336852533
156,67130505561411	90,704439769039752	72,233717488798931	59,700013084349798
138,72426771040958	106,08326354325438	38,842794958914681	26,439213375395706
120,99388313693056	8,0662588757953699	22,26287449719522	-6,1303567456044821
135,62474623573314	23,933778747482322	37,974928946005278	57,760186043924001
86,911691918597583	23,703188705072069	21,806933608666302	41,401569604859212
133,0154432683201	39,122189196564733	37,244324115129622	25,351178599373949
69,605606655732885	-23,201868885244295	-9,5901058059009756	-52,281544554750475
145,45129308726086	-38,276656075594964	-40,113935567223528	-5,8180517234904352
98,546486628295241	-7,5804989714073265	-70,043810495803697	9,399818724545085
127,52951621714254	52,512153736470459	5,701319548531079	84,319515428275423
126,22926134301835	-22,275752001709119	-113,16082016868233	-20,493691841572389
125,05081967283634	36,779652844951862	35,014229508394173	38,545076181509558
167,70853819115942	-7,2916755735286714	5,5416734358817896	23,625028858232895
137,34314648449157	-50,600106599549527	-81,249314025562384	-5,493725859379663
193,36449278116899	35,808239403920183	5,4428523893958678	-5,4428523893958678
49,63840615058394	35,456004393274242	-108,0699013906999	-5,389312667777685
203,88184105450401	-35,152041561121386	19,403926941739002	-47,525560190636106
202,02960727101916	48,765767272314967	-22,571583708900071	22,571583708900071
227,78363689163993	34,512672256309081	5,2459261829589803	36,169280524611921
185,07333952237846	-6,8545681304584622	18,918608040065354	8,4996644817684928
183,47409703102699	6,7953369270750734	59,52715148117764	35,607565497873388
168,4481020932071	-47,165468586097987	-75,734266701105909	-45,548366806003195
220,59775740049835	60,163024745590462	58,558677419041381	75,136933126715206
218,95134353345412	19,904667593950375	-21,497041001466403	34,766819397433324
243,38122559747328	46,045096734657101	57,622149627942314	47,623785765559631
228,46677866330921	71,80384472275432	4,9609929081175714	112,53620754729859
317,05731255184156	-32,352786995085872	-72,729065164953042	8,0234911747812969
339,71671121094863	70,507241949442161	17,69090798004185	84,865080310055845
285,78233458752459	57,156466917504915	4,8265460952559707	7,8748909975228996
295,533449761827	-31,439728698066702	-20,372944196347223	-29,9306217205595
342,4385914240554	18,678468623130296	-57,529683359241311	-17,184191133279871
314,229570645276	18,484092390898589	-56,931004563967655	32,285548042769541
347,53459711438393	18,291294584967577	-31,948794541743368	31,948794541743368
332,07936630161777	6,037806660029414	-31,638106898554131	43,713720218612963
292,80655873433574	5,9756440558027704	16,492777594015646	43,263662964012056
408,15657258034025	112,39094027574588	75,479389364132487	113,81061531080792
415,76936644480435	40,991345987515921	27,874115271510824	42,396763564230753
400,08373803384228	63,781465483656014	-18,786540742458683	30,383170830396139
407,79040694924061	63,178795442840098	4,3650804124144065	7,1219733044656106
336,00870604558088	17,085188442995637	4,3282477388922285	-4,3282477388922285
355,19375272940869	39,465972525489853	-6,9911151330867742	6,9911151330867742
452,49722723062376	61,45024073502298	60,10950820989521	29,272660131956403
426,78524703145837	105,31064537139882	70,724412365213098	29,043567460322624
368,21406873684742	60,453056061273458	-17,806172876229638	-4,1767566005970753
452,37486705520365	16,35089880922423	-28,559569920111656	-4,1422276983368045
448,94152886279318	16,226802248052767	-60,796419089371028	-36,564394398945566
499,29359890154853	102,0062191304239	25,555242266358828	49,607234987637725
452,66564115637317	69,231215706268841	-27,905505407757595	-14,698319642253999
555,22692708059674	100,46963442410799	-6,5569656150470479	-25,170287360987054
603,9219057160866	99,778401813962134	46,003094731068856	69,529791579834665
662,46308428205998	99,108650404402681	-48,198101565088464	27,333122532582635
668,61141156197698	67,379444576013185	24,671242783217135	37,525167594641189
716,1201111380982	118,49469464875006	34,827136340241324	57,907842080519593
742,06068601030097	127,94149758798292	-26,816537894441222	47,287177508518489
788,96675936674774	137,4329193735625	-6,3117340749339821	36,852382824614537
744,24882879417862	106,32126125631123	-6,278017331325044	16,403851736688019
820,49675811478107	75,505836636329548	-16,309260713447184	-3,8256290562406972
966,14450902778935	165,19569325345623	53,863807860823904	26,231073716609412
1050,633968744818	144,39992935355318	23,701505645617694	6,1743418068415847
1104,778460086284	232,84568441280425	33,490145247458656	25,959816730278604
1129,0958129304286	113,40263623318715	-35,697177666446741	6,1138812577892203
1330,3215578006502	220,9021036938349	13,548662359888539	55,17643656708232
1392,3033068868751	219,8373642452961	3,7128088183650005	35,369389269687638
1492,9211116466665	209,10621433487512	-15,755910103371987	15,755910103371987
1496,2591107929811	188,84823728455103	3,6801194958015073	25,373455471052498
1788,5306165433369	188,01265241291142	-25,261187144709126	-13,305510786144499
1770,115820111637	311,80901980286291	22,834014373255805	-22,834014373255805
1897,3586843151393	243,7412919397282	-5,926258862848294	5,926258862848294
2146,5235783856456	280,80907123005119	41,693007863987262	43,977556240096156
2223,6230026045046	241,80122203161991	-24,843890263640951	5,8790885356707587
2451,7179738443551	288,15953064451958	-24,753376075037423	24,753376075037423
2713,6962460931686	277,48367161091323	12,980592095696958	5,8318602169073293
2945,9923948948021	276,33314991859038	3,5595456599682826	24,542130602939213
3345,7419077517598	387,30345654588012	-5,7862203146613416	89,779741011358226
3529,354316308154	358,05043788633446	22,134027069337041	24,366029799018087
3739,3427202834009	282,65168021968708	31,32336652926368	-12,788830121415348
4098,0616541638856	383,47138364780437	-33,449792983254262	-12,75157854057759
4549,5911982362122	363,41527265991988	3,4961469268549252	14,904626372381525
4871,6413620836074	325,38714647971415	12,648852454704381	14,848652881609492
5250,2871241103412	406,68020369523094	21,750536736958416	42,221630136448695
5723,8783684368964	359,73459913008338	-14,753672166854052	14,753672166854052
6182,9207086428842	394,65451331763092	30,665109310657297	32,84251352206492
6824,4754298518228	348,23367004545418	48,662263502455673	14,652949233081449
7325,6200590994831	392,20242777948005	-14,606159379373739	-21,458431680808332
8060,9738825776976	345,79108019971181	30,357762365585089	5,5685836291901643
9016,446634896578	371,39705741757615	21,299397509730873	5,5485825445517403
9878,0735875696937	325,55276383412536	3,3893164453963736	-21,227824052745706
10926,812262710679	341,87913215307691	3,3743914342381616	14,385563482804795
11980,89157976577	331,69688759041446	-32,019806215394681	-29,896946134816023
13238,473408440917	374,96509154197867	12,175337090068954	-3,3526290537871035
14716,866622626216	338,77391029662738	-23,054224544861398	40,65286923559529
16187,18472841432	346,46101152661373	20,875372340084574	5,4381222062405197
17570,534355008291	275,29064023017213	-22,897189758827018	-3,3209664535703309
19714,716153432004	361,45823740553487	3,3097380774482712	40,23944715213424
21671,892892375516	317,10727222758322	-40,137961580587245	-11,98926125134424
24011,89270018414	315,77520574913387	20,590273689943523	-46,544400189872334
26394,071344337586	340,652121581877	-31,219257724718858	22,595153380873871
29511,995231294371	331,11228803871001	20,468759624211163	39,733474564645199
32766,527560894931	261,58332433118579	37,565080674445696	13,893933948082656
36161,109310575797	337,87435074340488	3,2504367919618695	30,964687333952551
40286,949223571981	336,61226744179658	20,281954342062679	22,327193435379925
44426,121530193333	301,52515329736417	11,721259480291902	13,759739389907887
49282,504710521302	266,71229248027163	11,684538527707137	39,117802897106507
55137,7945216964	299,54728066726182	3,2064215958749149	47,421287812676375
60778,934721542144	290,5665139462626	28,46709614893819	-11,622660557850503
67975,923944380353	247,88797284865817	19,999097470501912	-3,1931332095759357
75130,636691095773	263,70439085960408	28,295899717633706	13,561940101351068
82438,073597394789	279,1403917231238	-55,161474424091928	-11,498917629191368
91446,641961449975	294,84181368979375	-13,454753188097632	54,981769200744637
101233,83364469664	318,67074897353507	-5,1318406328205644	13,409002943821475
111235,9869775688	334,0667733930174	11,383015982280593	38,108357853721991
121570,48540928469	308,5023314395653	52,486529988918043	38,007487233354446
133191,16373146261	242,29268523282752	11,334369682078032	13,305564409395952
145957,13814461065	257,73746960536118	27,655639595749868	54,165779326587021
157832,20792938423	363,02019655550316	19,415462197799943	62,162110061863686
169656,3677339706	264,07873518781793	-13,163309261669696	-3,0876898268114097
181827,83870018736	295,23415167405142	27,339491305706677	53,546577646088231
194111,41325371969	253,91954143361517	3,0631563728499605	-3,0631563728499605
204988,25797834943	277,73459658935559	3,0591057015639165	29,142006946477309
214311,05479650907	292,67060144317952	43,13884481546043	53,081626891886259
223695,88098582733	283,52834942952569	3,0349513460061908	4,9517627224311527
231014,37255737704	290,61416182750907	-20,86052339693353	4,9364597351522086
237684,1520443052	266,01249790308941	-28,745231116692054	36,68590269588875
240364,86634877519	273,12839909203245	3,0083707726078939	12,825159609538916
242268,21796940817	319,42257109989521	-20,663879908190751	28,550856972385695
241891,60582341827	333,82777508062139	10,839584226147236	36,289042844058137
238744,29695225167	379,51191891919854	26,448459504059606	36,151444647560766
235196,00750400734	370,97778002093173	-4,8422362865890038	-10,777880766923911
229611,80697865313	362,23131158105446	34,119852574731581	-2,9601698580817351
220699,97057072743	353,35604134518354	-12,581028285257085	-26,249305928499346
212436,83758711471	398,46656113256995	-28,008717500968995	-33,889000733216626
202707,88195469137	473,85957923156087	2,9279128472844413	12,482154770002092
193048,75285080945	495,49909703246021	-35,491563229301804	-10,601376029531707
181768,46116496722	509,45578435379508	10,572165148996048	12,410802566212753
171024,37529983604	546,13531783293251	18,179049740452857	35,288743613820259
161332,39522431296	589,9016597808145	-35,165750557256295	19,942481917751408
151263,38208948344	580,71656988660743	10,475671456778016	27,479659908359725
141387,94006752735	684,93475235453388	-19,829050289158882	12,260710484136409
133103,67681175112	743,09021259713131	10,410807039431889	34,853571392880674
123716,43824042591	763,19436481011519	-12,181033211747652	12,181033211747652
116772,92145418549	843,43704302243066	10,346161061075149	4,6482752593236176
109490,1351273896	862,71518963151061	-12,100420841584825	12,100420841584825
102828,47145734454	948,97977712072873	17,714289172920271	12,057625403416319
96525,872387282128	1035,040485647093	17,658755238996999	49,118050286621909
91122,613966840174	1069,2450134563649	-11,987383541863744	-39,809952750140084
84519,122078632921	1140,1060253327616	17,562798319041896	41,471817879418261
79860,750264772432	1290,7456528496168	-11,914575257073386	-2,7947769121530164
74950,96347209721	1403,5211954145227	-4,5440372906370969	-17,443239922123048
69912,164942099364	1530,7099916778825	-33,755991224591014	-24,695941631843638
65546,32157236393	1724,039932365464	31,929365343597176	33,678919608999763
61202,042215194968	1768,551270325755	10,02300103921783	33,555264348685782
57045,516944621442	1893,9126110605607	-4,4903472996464533	18,975338588828564
53139,203791911015	2040,6205493393409	-18,925401200952471	26,148836773835093
49693,136088893967	2373,1992668005742	38,749050243966884	33,275206715079371
46224,915749284148	2381,0985270589222	9,9122653615122545	11,636137598296996
42684,971290007314	2597,717131306581	-11,609108283356308	-2,7231241652317264
39557,525426924825	2784,4323039282949	31,311459540965163	-2,7165193209056535
36484,213482827712	3148,8183467243543	-11,553988044605786	25,818170815724038
34199,158348352721	3314,1892809739129	2,705460637529725	40,012338902413305
31834,298107009821	3700,670500211862	-18,627774660048182	-2,701738309472637
29183,47988863974	3868,2027163778348	-18,578718821099777	-9,7857373943197281
27276,246771357106	4263,5721052646659	30,994930823334833	11,463878523699186
25453,53115453861	4716,2337392517757	-18,511659021482629	25,577177731972178
23919,052416742423	4986,8070089421726	-4,3700640926419041	25,515535508651119
21964,734453117402	5553,693479648251	9,7198440100375212	-16,763209234702394
20579,201586886185	6074,2234046406493	2,6730803633624167	-23,776346389907811
19288,452832387207	6541,8510152443778	2,6687100223219149	32,445895534545386
18104,530019847887	7147,1707087066488	30,705843750990802	11,356955907900709
17078,996101606568	7594,1597153245493	30,614283988146823	46,270904109938812
15689,834075211191	8209,8375051906332	-4,3301567445497167	11,314280526081518
14896,473774153401	9055,1298767692842	2,6519840872233744	11,305826898162806
13642,738411349783	9858,3159554811082	-4,3210716807340308	-2,6483987720627931
12943,338369211999	10617,228595030236	23,539673762677726	18,246729366335991
12036,214679550309	11576,896860035811	30,482000749598349	18,233525562545132
11119,392071649248	12349,859340596991	2,6416811423736881	25,165488777349346
10495,340482142283	13300,578692387391	-11,248727476725437	18,192386412975708
9926,3827175359747	14540,884295418829	23,45415839585571	45,936842775315029
9265,8495378788684	15366,820427017217	-4,298411308256564	32,030097167976336
8595,3637855062316	16917,034004283327	-4,2959496549890073	-2,6330014014448757
8030,0249739657374	17801,793182905501	51,109602680351138	38,920862745741651
7393,5232274959608	19620,341704786893	9,5489584033171973	59,646392345358144
6959,5402898024595	20926,974995490371	23,348135165788893	11,190526322064501
6375,1794226033007	22535,758771075769	16,429807282940828	18,086594571976878
6120,3337867859364	23704,643042221673	30,23921261829938	18,088296132407393
5849,4745695790289	25168,27022769313	-4,2792616320224166	-2,6227732583363199
5280,9416520900877	27058,375305334554	16,376079650780987	18,027449027330331
5058,3435897011095	28838,412228554658	30,164118342941947	-23,27733333313785
4767,3194294386867	30855,246227881104	23,235096858691797	11,136348198544589
4610,3593964041411	32705,058800850522	30,072038951973397	45,451346543850207
4218,6003361681715	34527,990871859751	-11,121452472892495	-16,338924003385269
4095,5103357814846	36338,657816143168	23,167907840906139	38,521787593459322
3820,2090742907662	37904,011649218606	9,4563022825493395	24,805662509296099
3639,2591405006187	39922,296178154014	36,837656022376912	31,633823573119209
3347,5922145356176	41658,545403153657	16,276342125832009	24,756453149374739
3095,7448532238541	43500,846917682495	16,246687432575023	24,711348111731759
2963,128352191517	44576,498214268933	43,509226437242525	45,145937149615293
2960,335689961194	46142,401519590763	57,094621592347082	85,98259242188783
2603,7326435271866	47496,84841885214	-17,834717715140467	-9,3938589491961242
2512,9339203900295	49139,929747708135	22,987054535638155	-2,5843434093321007
2435,316299675038	50448,748952682479	16,167511278177376	38,177064446788599
2300,7657016740045	51311,480147937342	2,5752311241122881	4,2016928867095222
2163,2163633460141	52455,457824798883	16,11409998361037	4,1977907520329536
2053,6851216623249	53142,062942257231	2,5713355724272935	-22,871353249484873
1948,0151349030809	53204,108337846883	43,079156189537798	10,938594518346591
1945,210974180776	53646,693643221297	36,274644856473394	44,63534367097656
1821,1852277116977	53514,568511890684	22,756399518172046	24,37223853721385
1657,4907930451418	53359,100155009015	22,727459961430341	44,513545841618011
1521,6363991686671	52988,552311006009	56,297187748491972	31,03735171814235
1499,9271961905802	52390,074528240555	36,105630047003672	37,716290123449937
1443,6203548781314	51993,779045877571	29,341332502859466	4,1533393040577327
1353,8794023317614	50849,036021897336	22,598085826574582	37,574332054837029
1337,9624013475852	50118,536734768277	42,574564192506699	50,849244380392015
1255,7160762893307	49159,452440196903	89,132525733428352	57,423196698217666
1119,8569844951508	48187,08051087294	29,109635561357628	30,704684085267633
1138,945677163367	47161,648550295336	49,011190072685999	30,681801915421318
1044,6810233911433	45325,890624402404	42,317872566574565	17,378185912919339
1068,7906996492025	44164,549437207141	115,01908581983368	30,574693698943133
1060,8875022031771	43033,695221768125	62,000777387325869	17,317914366182702
1032,523856884854	41396,619425073586	81,678245036642124	17,285702907593084
997,02545405572505	40068,577406061268	127,54028580594026	43,566392777880523
941,88378535363461	38709,126300509131	140,33083854258331	23,760413261185764
881,73726590629644	37763,922083667065	107,38183208583743	-2,4911536137129566
879,73439586155166	36206,466530049212	126,76024231819234	56,381490649268208
845,12661155051671	35276,694198736048	106,89709573125454	-9,0059824242448876
758,77833024140534	33715,159025705019	119,71112197285004	43,116845890112479
744,48878839141764	32604,707680251213	152,01875871258815	23,537549467047441
697,36319374593188	31141,321037928803	151,66838576539431	10,509101152264277
702,32523589626658	30025,212965021499	183,70497875332759	16,959374359891417
726,66803219329199	28805,120796142095	234,98829343281747	49,219648047225647
647,76560371205494	27538,094943878157	240,9301320075285	55,559597054705598
665,54482813374	26477,109467059658	278,95009318301106	42,569147461307821
664,64412622091083	25561,506709394547	297,83762873551541	23,246490211784515
637,02449199098453	24741,519088433764	335,35017980389716	55,187448451882268
590,98313852259275	23680,854085772866	366,60121609109592	61,462246406349635
616,22427844843185	22966,327641863059	379,18546791987444	29,502136439707307
613,9950064388272	21610,715433880589	384,17635739664649	35,758051152188692
517,32275337079477	20784,94915230267	434,04331135576621	35,673053668022902
554,36081091063488	19953,821416720511	483,90947128404906	35,605802940774495
559,67766626447542	18905,721845171178	508,32644987953148	29,217071391433635
520,73361055525015	17979,511389898547	494,7284896402486	60,720694952018256
463,30420735224277	17356,573264549665	594,9204229919003	22,818520144423385
468,66919186368887	16365,676545414584	637,76755263276209	54,227227300201307
448,77860994280326	15550,335750116015	780,68648258301914	66,657745980315667
473,04397704705866	15021,495827421499	791,83175919479834	72,804914083269153
447,65209817479621	14497,041025506862	885,1615893699676	60,22955502715439
447,04654669919955	13958,481335747734	952,74059840593043	35,138483810482541
414,97366402155245	13088,830981732424	994,56394844744409	66,270982133968218
426,45121373711419	12385,761893868448	1010,9072713377021	59,889936878117339
438,20713972223024	11769,435731404865	1208,2085648114485	78,442185862333972
437,58498080431218	11510,657402859531	1299,5963585930056	84,537694163896902
406,22011337335545	10831,502717657486	1484,5949731192952	109,2763114143286
393,51743344390695	10277,931706562515	1619,8045158042266	90,601966566140462
399,18292406715773	9818,6621555433449	1716,6722399650887	102,8592278759095
392,13833005413841	9278,5486756904411	1873,4949066429058	114,9860741040639
336,33323852538598	8858,8323651961764	2100,570784023319	90,22370545396592
385,39524824309041	8549,6081870247181	2364,0452843429762	127,14960030036039
317,08410221475214	8167,2244968518189	2545,1694402628004	90,014943191838356
347,43244421064065	7769,573332037955	2726,453046267502	139,09596262026002
310,58499135365849	7383,3125172290493	3009,7838231416513	145,26767318363196
334,79542161339651	6950,8443955148286	3221,2848290941811	138,95545755770698
321,92190769377362	6809,4148284559169	3693,7013096490546	157,09789095456154
327,78609842242241	6417,8680018221958	3825,4782080933101	181,47708850975985
302,87175764702948	6048,2572208906795	4297,5972754771828	175,11494351228251
320,77451433000658	5819,7661885586913	4694,7946918264852	205,41788898618705
320,48133663395919	5564,1664446067398	5032,3505579867297	180,81251792567375
332,71459631288894	5387,5345182775136	5606,5767148959803	193,03551441125776
320,25804641883929	5084,4777464781437	6096,3711700963731	229,48776583384253
319,99078133670588	4921,7629700836187	6828,7861256003534	253,67650131873708
271,03280976888016	4619,7390159482156	7177,070615178719	265,67305982288877
264,77647724084966	4409,8978795631165	8195,1667454605777	253,3332639715899
288,87767853519796	4144,6344825628921	8917,9884263251279	326,09728680120656
294,79036905026265	3911,2907728627633	9775,9780159394122	356,30126667477106
318,93429165579363	3854,5487248685918	10712,425737523683	404,71242876398043
294,43896093190773	3518,0902651554743	11652,376347082165	434,7983171534687
239,55467733851913	3399,2505480567083	12883,675074541856	458,61075190731185
318,40486690371478	3320,507897710168	13963,599951652854	476,8188692565725
269,7817174681839	3119,161654772598	15443,518009979827	567,57223346901969
263,5516831265823	2886,9511956279648	16766,612801168769	627,79828518566569
311,80159519451701	2830,4319563774116	18498,492386901424	657,62891786462978
257,25918097324848	2775,3725759113981	20401,439961614524	693,81287819185275
287,57112665122457	2545,761236986104	22348,090642058891	718,14077986038444
208,82174214895718	2387,8312254424231	24933,800236915107	790,61727418831265
251,0160266652654	2307,5328716337049	27233,000918967657	953,37701501154538
263,084602206353	2150,0362318243328	29885,080267825942	947,22552638066679
244,99945326108082	2144,5013871864976	32680,991266878955	1086,5876986359342
208,66483088993144	2011,0451093015131	36182,965536791533	1207,3528562970466
262,91895909335159	1949,2267656920894	39609,375819383647	1327,4083171513075
208,31720648882555	1832,5875991118423	44050,816865926034	1410,6395878237515
244,52249446495259	1723,7326461665175	48194,357268324646	1513,1414213038622
232,56650573307871	1688,3724247375455	53045,580834138767	1719,3007496558146
208,43099694416532	1549,6391511935769	58018,610650250957	1888,6869062227524
208,29383885316784	1482,2068822739916	63051,933646446261	2159,1316710339097
214,3410822906306	1397,7453676135488	68090,305200076386	2225,6453451823172
190,17617836299723	1385,5692995018369	73953,659546543829	2303,9693075202222
226,38220983962955	1391,4959831475896	79930,306227104913	2647,8870634628884
238,43406973182394	1222,3518764732746	85349,618148981186	2834,7698184166879
244,32210364204218	1143,1861392633825	89568,965806735403	3050,2257294688729
190,0538315337119	1089,0386219630159	92712,361771523792	3328,174430178608
184,09265731751603	1077,3947321697251	94619,883649808588	3607,1296349538993
202,24124702362238	1089,6879130675773	95768,052334614651	4006,3085477557102
165,94857197524638	956,46722393005632	96167,981943813691	4312,369763816384
202,17391421562826	962,58923335500617	94402,423649201752	4711,0746541792159
214,2873511587706	896,38511681908267	90171,996642342405	5146,6389111265071
196,19928076986835	805,92627639315162	84011,807597544015	5557,69174961096
184,10669790523363	799,80778598175266	77628,92116742651	6136,6082368661846
184,09800663720435	793,73402861614341	70279,444213753843	6625,2345588566632
220,37156210174177	709,41530265629194	64181,738255756536	7363,5497142609938
178,16489836032383	721,71882556131175	56344,679303892808	8144,9744144644037
154,08437627131954	716,03916031966139	49538,912499421989	8771,4495012930529
184,50291974369421	632,14934797429646	43478,445747784681	9652,3458623420756
172,46769304762057	614,22704716959606	37993,604023730528	10787,521367738575
172,38339345473287	619,97536242491651	33450,725315585463	11562,510266524087
148,15494785061043	559,36051739516176	29808,654564728247	12775,310446047208
172,57295515995517	566,16039675283537	26663,30874709626	14112,350201926129
130,26412839084944	487,73313188201769	24007,254746666698	15508,217130780746
184,63971959815561	590,24172658426801	21226,787541133799	17099,575238404665
154,28327869914031	517,30275799123513	18655,450034327656	18898,915098439553
166,43727758881195	469,05050956847003	16512,877797373192	20805,385970358242
166,57439936042124	481,5514454237632	14685,077902597021	22797,190578940674
130,45507617211763	415,63594036232826	12975,001199299206	25105,745687036153
209,35462834870472	391,40213126062184	11519,844619264177	27857,030260583502
136,45191445686669	421,48480243343266	10172,520545407069	30787,3119097786
197,43280093709026	416,12759582125176	8713,6511079428783	34387,448050477287
167,06992124132108	391,85490618418947	7717,9013289654367	37640,063470587411
179,30420232341129	337,33502471014668	6718,619632686522	41590,187149227815
167,28561724980315	331,52967782233719	5769,1030431770296	45572,373669126195
118,6591953781909	319,46706447974475	5156,380973311354	50430,888246164235
167,60095858412325	301,68172545142181	4451,3595683880703	55019,555117571006
124,96786194189077	271,27170031288483	3909,8481605995075	59890,817355684834
137,13997673159597	283,42261857863167	3439,9582252345836	65507,926965334918
149,43297583719482	289,7169939700716	3094,6654400112616	71621,822478586153
143,45068122742873	222,80637722558077	2700,4132919740391	77589,238205233196
180,1638964255103	259,55815586726061	2390,255789254787	83758,622955770581
106,97229847028949	204,77554278598274	2221,2339324647883	90557,368706509718
168,34256554656437	254,04423527936078	2046,9231660894616	98089,356368845081
144,04302207511	199,20843478472659	1786,0108839253426	105706,86052591313
137,98082045841809	205,43811046031138	1621,3053027909589	112994,76289133499
144,18388870065695	187,13228107957605	1450,3058557898421	120829,90273161836
150,39886123262562	217,92488056155955	1322,1594584605266	128303,24273697303
138,20706944283299	162,77721512155884	1279,9817391332238	135680,15281050443
138,24216860873247	187,39493966961516	1114,416201877862	140980,1008387513
144,54587927059856	169,1494331889983	1011,0830482766378	146130,47116071309
113,93622583437417	163,20594511410354	913,83011834078047	150270,30349150879
144,7261707249196	181,67753346319697	870,69727732294189	151054,83062110437
107,84432736718013	157,14459130646247	828,1211835200952	148841,31760314869
169,44340110222862	194,08971398982553	760,21552101792611	145515,6514668696
126,33310473358061	144,82087615800705	717,20227945824934	139013,37414635671
151,2266345755462	138,88160318162406	662,80473553967965	129713,07181567202
83,44742812129779	114,3538829810377	583,39024193245075	120532,82506241635
151,53699105837677	132,98144113286125	583,7576006567183	109258,91277508666
83,575244021741455	95,956761654592043	528,56698774639153	98028,313369744283
114,68453367917411	102,286205713858	529,28462083934517	86407,791071957297
127,26113288152229	133,46899302208433	498,98779809837856	76397,775763043901
133,51529639096452	114,88525503408574	492,95089430301226	66407,527618248656
114,85715667237261	114,85715667237261	474,20484468301731	57767,686330642799
102,49497066839641	127,34223628497735	449,61127133203223	49990,337930327289
121,49479898467949	109,0337939606098	444,73326930904722	43374,390897832018
140,12753267508597	140,12753267508597	438,31892220766889	37551,81215859342
146,42172398692642	109,03745403281754	419,82535158464259	32634,099999506616
171,5490222311889	96,691267075761019	389,13556388296593	28605,768266319432
103,13158373994879	109,38198275449115	408,65108757077894	24936,716916398454
90,640860599993104	84,389766765510814	352,43667038811111	21970,219412548118
121,95647601134736	46,906336927441295	365,11892664320305	19210,459017742294
115,72133434309923	71,934883510575204	365,17899994325046	16749,068068311859
103,18730493393458	103,18730493393458	346,3341180146241	14737,773730509631
140,85466175919495	122,07404019130229	309,12903100751322	13081,454146899952
109,70544928949009	72,09215239023635	322,09519911394295	11231,455831773499
116,08113765210602	97,257169384196942	328,66648595769266	10043,340029660212
153,824663989398	84,760529137015226	303,75662219620716	8712,2522548966717
72,324699302831391	72,324699302831391	253,95403111724625	7557,1134935885439
128,97249810383542	97,515791249241417	260,33570592861997	6691,5965089366546
97,465619240554659	66,025096904891868	279,06607625134296	5751,2261077287812
78,568848187368161	47,141308912420897	266,37982289445307	5082,5873617015714
141,80375654494148	116,59419982584076	248,18808589954648	4566,8372474486887
129,31979300577356	72,54524973494614	267,34501597974065	3883,5049253763082
129,41556332224141	66,286020238221212	235,97823204806755	3494,9777642175268
129,44849855452668	66,302889503538054	223,40916482239777	3085,4207494494062
123,10038899912755	47,346303461202901	229,66113598914157	2857,3178496812875
91,81467503122235	28,494209492448313	211,36371396842773	2479,7560714294686
98,160858063490949	79,16198230926689	192,39528180444225	2302,7904005836504
104,45989482511514	72,805381241746915	192,33282453254532	2055,1376398865987
72,894249638463066	41,201097621739997	167,21307004023092	1905,5190718534582
123,85031169710919	53,986033303868112	173,8985402188128	1661,6265921127028
79,412220544101444	73,059242900573324	199,35643845391223	1522,300502942207
117,57756376597264	47,666579905124038	199,43697032303899	1427,5822904385284
98,585280815071414	34,981873837605988	167,78578760655381	1237,8495065954323
85,861547155039801	47,700859530577667	186,8601670677829	1078,8026391435444
111,3600854944564	54,089184383021681	148,77707422059376	1022,094681835405
73,257421949571793	9,5553159064658857	129,82489211584985	921,25985759539765
92,492915649261974	15,947054422286547	130,00038765047992	801,30759061105448
41,498199757077799	22,345184484580354	98,191124963670248	699,8511780570567
131,08799932028819	60,748097245987218	143,10972803844146	681,78548719654282
92,802169167058793	22,400523592048675	156,03564719261334	592,78185574158522
86,48160425661456	60,857425217617646	156,17937124268613	561,29764184922726
60,971744056762951	35,29943076970487	162,89082780638353	466,08084772653956
93,160785793924347	22,487086226119668	143,78885421158805	479,42467834087137
54,644286448230574	22,500588537506708	98,874014773386619	396,13893305176094
67,485575623608582	35,34958723141402	124,55909100814613	376,76232791008908
61,047253109179067	16,065066607678702	92,406263127367907	350,98957524456426
74,025122845654465	41,840286825804696	118,31145720896774	332,27624706892897
99,728741905500442	35,387618095500159	150,42954746778068	338,56299348822148
54,687005915673332	16,084413504609802	73,216250272983828	306,3759084358075
112,70901184526313	93,387466957503747	144,13872486268508	313,13783748095392
67,650166829527208	-3,2214365156917721	99,091387222678918	248,82375647203244
61,361890082115416	-9,6887194866498021	86,423377820916244	230,07479207631062
139,02081340780663	35,563463895020305	138,24488328646075	223,85584000829141
48,462358726946398	42,000710896686876	138,15003061094853	249,54883920462262
87,147642282629931	9,6830713647366586	105,73913930292431	217,02990618829764
61,43407968496841	29,100353534985036	92,991796407352197	185,07824848250485
100,34091394790467	35,604840433127464	138,40572517459367	224,11628650815868
80,963845261189846	55,055414777609094	106,09502283026318	211,28325059360103
48,602763048762334	22,681289422755754	93,187697685493646	159,54667016807048
61,506999219825481	55,032578249317538	106,05101549692014	172,34908623492151
87,439997930152401	42,100739744147454	125,52497480639656	185,37279561192312
48,627643565430077	22,692900330534037	80,268030312003248	133,6936013758891
87,590045059540458	35,684833172405376	86,811466881233443	153,25013809676636
48,614312855659179	16,204770951886395	106,17365927675965	107,72931728814075
107,05936436764493	29,198008463903161	99,792304483295695	140,28020955324141
16,239326021364278	22,735056429909989	54,43422082361306	94,96757857293828
61,720502034006387	35,732922230214228	93,425349394632832	114,47528903570449
29,281467900546378	-16,267482166970211	74,04957882404841	134,17419291317032
61,868845763018442	3,2562550401588655	100,16240503528671	101,72540745456295
87,93694861867354	29,312316206224512	100,18298294482956	101,74630647582819
74,897361663241242	9,7692210865097273	93,654266149339918	114,75578369620092
55,411900440132079	22,816664887113209	93,74389745048228	134,42275142064983
55,385707163026197	-3,2579827742956584	100,21555013733446	101,77938186899637
81,501877492413726	61,941426894234432	100,27991006666586	108,36489631391331
48,988793302751887	9,797758660550377	54,736811716941446	69,368131316696662
49,005664461551127	22,869310082057194	87,42610539940722	108,5965524467973
62,103449087499392	3,2686025835525996	87,467805135867579	121,72276021149882
81,711241377651874	35,952946206166828	54,779216219577826	75,958769984665182
55,507342935832021	29,386240377793424	113,4961906146777	82,412078570611769
55,44054133040148	3,2612083135530283	87,269934470679047	62,745647952760265
61,997531742537014	29,367251878043849	87,31862891738372	95,410938323778012
68,570103452553823	35,917673237052	93,908389299783238	115,06716407942841
55,529031684044455	-9,7992408854196089	67,810746927103708	49,780143697931614
81,608034336516894	48,964820601910134	126,52509643533578	108,50604245383286
49,026790002376195	42,489884668726035	67,853077363288662	95,569555977965322
35,9497599874543	-16,340799994297409	48,238041583165945	36,734118387180573
42,476648110411659	-3,2674344700316662	61,297070657794066	56,330570263345919
75,227532026283171	42,519909406160053	87,52559813144947	69,470990445141496
42,550445823302297	-3,2731112171770995	81,042233737304997	69,520882252841588
42,543470866359726	16,362873410138356	41,758052942673089	56,419187518157052
62,169644497728321	22,90460586758412	61,384343725125447	76,043291480379267
62,19982899307189	9,8210256304850354	87,603548623926514	69,532861463834038
42,579250821626836	16,376634931394936	61,445134262593804	69,567945188565687
22,938973706626005	3,276996243803715	41,814472070935402	30,279445292746328
62,29933841015032	22,95238783531854	61,512399398653692	56,528452325841656
29,532508908553037	22,969729151096807	74,684433639851903	50,008381751816472
49,139687990620125	22,931854395622725	41,801494584020851	43,373964599720701
29,5049200856045	-29,5049200856045	28,718122216655047	36,848366862466065
55,753046174629283	16,397954757243905	61,525126249179138	56,540148002976984
75,454566477634074	29,525699926030722	81,228481129835643	56,558118524974404
49,258786012128887	22,987433472326813	55,038483570885347	23,775574048520877
42,686350372111129	9,8506962397179532	28,764033019976424	30,340144418331299
36,119688422265874	22,985256268714647	81,302135030482091	43,474970428254558
49,26928439451158	36,130808555975158	55,050213763467603	76,334544621896598
36,138940684980909	16,426791220445867	61,633320659112904	36,927426663562315
88,721074741794624	36,145623042953368	87,93244296631201	69,793912130211766
36,169682386246471	-3,2881529442042248	55,109443344862811	23,806227316038587
69,129308685676122	42,7943339482757	48,588028390503787	63,335614243448028
36,260831452096944	49,44658834376856	42,062564484432457	37,05197686559724
36,286900719546722	-3,2988091563224295	42,092804834674197	23,883378291774392
62,757117384873325	42,93908031596596	42,146358833209661	30,519777086117344
43,003105781057045	-3,307931213927465	35,593339861859526	23,94942198883485
56,290214840869815	3,31118910828646	48,873151238308147	30,595387360566889
69,582962444329723	-16,567372010554696	35,652984566713705	57,124298692392586
36,484194543897161	9,9502348756083165	29,054685836776283	24,013233499801405
-3,320348069572201	16,601740347861003	55,649033646030091	17,398623884558333
23,263963519203102	-9,9702700796584729	42,406882072147368	50,64897200466504
63,326774575311532	36,662869490969832	55,860881151695864	70,7926679989272
30,078578298790443	23,394449787948123	15,908225855804723	17,512416698406881
30,144779018791517	10,048259672930506	36,039758026910746	30,948639792625958
30,186999568416795	-3,3541110631574216	56,214901418518394	30,991986223574578
23,527656580838801	-23,527656580838801	22,720994069495756	51,223069470283335
37,034507222554119	3,3667733838685567	29,492934842688555	44,576079602419689
30,36636982324492	-3,3740410914716579	22,808517778348406	51,420386234028065
64,305456933296526	3,3844977333313961	63,493177477296996	-2,5722182773318609
23,743480393041924	-10,175777311303682	16,145566667268508	24,557542577946219
30,610971425828613	-17,006095236571451	29,794678854473183	24,624825902555461
64,821958394026723	23,881774145167743	43,533062584620055	17,877213788668424
17,113938600313325	3,4227877200626646	23,138044987623612	17,935407653128365
17,167357843771956	30,901244118789521	36,944154079797244	24,85833415778179
30,966025616445435	24,084686590568669	30,140264933340219	4,2664301960435926
31,048422123525356	-3,4498246803917061	-18,077081325252539	45,675678768386192
31,157389739996333	17,30966096666463	44,174254786928138	31,988253466396237
65,92741417975131	45,108230754566691	44,275463417559301	73,69990932515357
52,237268876488059	24,377392142361096	37,471534207400772	60,038034362043611
24,459004828412297	-10,482430640748127	37,596984564816616	53,250747655000488
45,553514914061338	17,520582659254359	30,696060819013638	53,402735945407294
38,685864009437019	3,516896728130638	16,740428425901836	32,496125767927097
52,921636185524555	17,640545395174851	23,850017374276398	32,599727890283127
24,773352201382167	38,929553459314832	9,76777886797354	18,544623647891793
39,045470081991155	-10,648764567815769	31,094392538022046	18,599842111784877
10,675021750995789	-10,675021750995789	2,7043388435855999	18,645704658405979
32,14238781777884	17,856882120988246	52,713516021157304	40,142271007981577
-17,905998650682619	-39,393197031501757	-18,765486585915383	4,440687665369289
53,840145485501708	32,304087291301023	45,800017093000115	47,522901748536171
75,67600675078323	18,01809684542458	31,567705673183863	33,297442970344626
68,745975205889408	61,509556763164213	24,45909433641118	55,141508533566032
47,170234280358585	-39,913275160303421	17,271562705731299	19,01323289454454
76,381922600809517	10,911703228687074	46,411111066015685	33,608045944356185
25,564632040005154	3,6520902914293076	10,079769204344888	26,441133709948186
25,642298502072212	3,6631855002960303	2,7840209802249829	-17,436762981409103
18,38703251331625	-18,38703251331625	17,504454952677069	19,26961007395543
11,077037785312852	-3,6923459284376174	61,883717760614473	4,5785089512626458
62,941573104110574	48,131791197261023	47,243204282850051	56,425269065096771
26,002118477798895	3,7145883539712705	17,681440564903248	12,035266266866918
11,17586729081393	3,7252890969379768	32,633532489176673	41,87224944958286
26,152581863848635	-3,7360831234069476	2,8394231737892803	41,993574307094093
-11,249896792495536	-3,7499655974985115	-12,14988853589518	19,649819730892201
48,967502200914993	33,9005784467873	40,530024898603486	27,271131994971118
79,303320069815072	18,881742873765493	2,8700249168123548	65,104249428743415
26,511553294542917	18,936823781816372	33,17731526574228	50,14470937424975
34,228096191778036	34,228096191778036	33,315346959997285	50,35333261990457
34,385303223464746	3,8205892470516383	10,544826321862521	42,94342313686041
19,17099965532659	11,502599793195953	18,25079167187091	27,7596075009129
19,225572366741712	-3,845114473348342	-12,45817089364863	4,767941946951944
-3,8587538592707684	-11,576261577812305	18,367668370128857	-26,085176088670394
50,400018851077604	-3,8769245270059693	18,454160748548414	20,315084521511281
11,665038847752287	-19,441731412920479	-35,928319651077047	-2,9551431747639128
3,89862967304457	-19,493148365222851	2,9629585515138732	28,226078832842685
19,566823061468153	-3,9133646122936305	10,800886329930419	51,812947466767667
-19,674032564931025	11,804419538958614	-4,8791600761028935	4,8791600761028935
27,649561002756698	-11,8498118583243	18,801701481874556	4,8979222347740441
59,41714695917593	35,650288175505558	58,466472607829111	44,523248788075833
59,562216271981512	43,678958599453104	26,842705466572998	68,456840568597414
43,864677777484445	-3,9876979797713132	34,932234302796708	60,77251721171482
4,0025076345548944	4,0025076345548944	11,046921071371507	28,978155274177432
44,181744507315578	-20,0826111396889	27,151690260859393	69,244843209647328
20,150286149449371	-20,150286149449371	19,183072414275802	29,177614344402691
68,688517340276618	20,202505100081357	43,475790975375084	29,253227384917807
28,378668598453157	12,162286542194209	27,405685675077621	13,135269465569747
36,598080212850419	20,332266784916897	19,356317979240885	37,574029018526431
20,368557328256244	12,221134396953747	19,390866576499945	29,493671011315044
36,847483559383484	-12,282494519794495	44,053213677662924	37,830083120967046
12,331050112873324	-12,331050112873324	-13,317534121903192	54,421034498147606
20,625370374389444	-20,625370374389444	3,1350562969071958	13,365240002604361
37,260339400780147	-20,700188555988969	-13,413722184280854	46,534023873863205
45,693988441926692	-4,1539989492660627	3,157039201442208	46,69094818975055
12,508788667648407	29,187173557846283	19,847278019335473	46,866261541456034
4,1864586792651677	-20,932293396325836	11,554625954771861	5,1912087622888077
29,435205793231773	-29,435205793231773	-5,2142364548010569	38,854471647065942
29,587798823732147	-12,68048521017092	11,666046393357245	13,694924026984594
55,062739262260038	12,70678598359847	11,690243104910591	47,608091485215603
29,729247456469363	21,235176754620973	37,204029674095942	81,712960151781502
21,367472484425331	-21,367472484425331	11,794844811402781	65,128056132528414
-4,2810272535630531	21,405136267815266	-13,870528301544294	30,994637315796506
4,2942354926552566	12,882706477965771	11,852089959728508	5,3248520108925188
30,150455713592027	4,3072079590845753	46,345557639750034	74,256265214618068
56,136013006903383	30,22708392679413	37,827036456959505	57,172370170107754
21,711850190699092	-21,711850190699092	3,3002012289862623	40,123499152411924
56,674957931143368	-30,517285039846428	20,75175382709557	66,440489143894226
21,880272810566566	21,880272810566566	47,086347088339245	57,93896240238027
30,756481825851296	13,18134935393627	47,277106349451422	66,961254717996255
39,679176228260538	13,226392076086844	29,803470144782356	84,825261181303631
57,431946154837526	-4,4178420119105786	21,028927976694355	84,999280309159531
22,164958242862863	-22,164958242862863	38,833006841495738	103,02272591282659
13,373604953407208	-22,289341589012011	3,3879799215298259	41,190703256494203
31,257202022902501	4,4653145747003569	30,185526524974414	50,190135819632019
31,328854331347738	31,328854331347738	21,30362094531646	50,305188954906939
40,398760127634631	31,421257877049161	39,321459857564378	113,29607840238867
31,53978321404988	22,528416581464199	12,435685952968237	32,621147209960164
40,732366757177395	4,5258185285752663	39,646170310319334	68,973474375487058
40,863760215099262	-22,70208900838848	21,612388735985832	60,115131694212693
40,946493831566968	59,144935534485619	39,854587329391848	69,336062888120068
13,673456009015892	31,904730687703747	49,04212888567033	87,692431204488571
41,26524844239772	22,92513802355429	12,654676189001968	88,215931114636902
69,054728396906967	13,810945679381392	3,4987729054432859	106,98879252960785
87,812837580386812	60,082467818159401	58,973253027670303	144,38279189533074
41,790829880402796	-4,6434255422669777	49,963258834792676	126,48691177135247
51,323935150933728	51,323935150933728	50,204140202186089	145,75997582865179
51,407066571666689	14,020109065000007	31,591979093133347	108,60911155686671
23,438590221060643	-14,063154132636386	50,439846155722499	108,94256734748986
33,028257599870507	4,7183225142672152	41,332505224980807	156,83704037424226
61,547648768609257	33,141041644635756	79,349122566299329	147,90373442548869
23,72508434712913	-23,72508434712913	22,586280298466928	119,76422578430784
4,7559795056660024	-23,779897528330011	13,126503435638165	110,52896371167789
52,458597428204698	14,30689020769219	32,238192601333068	129,90656308584508
62,273486059988656	-4,7902681584606661	51,543285385036768	178,38958622107521
62,422199236677194	14,40512290077166	42,062958870253247	159,60876174054999
33,702952171763179	52,961781984199277	61,435667101671164	208,18795027243428
24,179998982011604	24,179998982011604	42,363358216484329	180,09263241802245
4,8558349475780087	-4,8558349475780087	23,113774350471321	180,83129344780505
14,61868547792966	34,110266115169203	42,686561595554608	171,72082541408042
73,334310638479479	-4,8889540425652989	23,27142124261082	201,62046471539293
-24,518901389669914	-34,326461945537879	42,957115234701689	172,80921699439358
54,19520996770806	34,487860888541491	53,012769022958061	262,30481624370702
14,83149125501224	-14,83149125501224	33,420293627960916	184,10824477888528
34,706143400292483	24,790102428780347	93,012464312783877	254,04896969014101
94,491273902133159	44,759024479957809	113,1905996848711	254,82804603922648
4,9962037130469916	-4,9962037130469916	23,781929674103676	246,01307083043386
35,065807864022034	-35,065807864022034	63,919958334988742	246,66291131777788
75,310204230880217	-5,0206802820586818	84,146601527303503	287,38373934503892
75,542369524219396	25,180789841406469	124,69527129464484	268,12505023129609
25,288540721754234	-5,0577081443508467	104,99802107672359	269,2723816052391
55,816575349268575	25,371170613303896	105,34110038643779	310,74609767174616
66,165506950044715	55,98619818849938	176,91638627565803	342,22836056315435
5,1096732686168362	15,329019805850509	85,638123982018186	343,57443058179604
-5,1217747649732974	5,1217747649732974	44,866746941166085	375,11878378664431
15,404085114556054	35,942865267297456	75,788098763615793	273,37116383298815
15,456169248339673	-36,064394912792572	24,523788540698945	346,42427341945319
25,888250518882053	15,532950311329232	35,000914701528536	410,27699422324275
36,379320711370504	5,1970458159100721	76,708396242832663	401,41981882089391
88,6837011654343	36,516818126943534	118,73182579560499	434,2371344123971
78,499823793279319	15,699964758655863	87,710469785024102	467,02161835414972
26,208179172227776	-26,208179172227776	87,849816585307508	457,28031019703019
99,908752748095679	36,808487854561562	140,71359071258107	490,28905822275999
26,388172374480614	5,2776344748961224	109,56369169884351	502,64190738910668
37,088021573684308	26,49144398120308	152,3787857798801	536,39875773139988
58,483992317825631	37,217086020434493	142,27560312954671	538,26539838696965
-5,3330643960461623	-47,99757956441546	153,37893203028761	529,25331066362105
58,841191403835744	16,047597655591566	143,14457108787678	584,34652263227417
37,557501800264625	26,826787000189018	111,38481962478481	596,84235718020523
123,78592257193378	59,201962969185722	165,55021644837754	695,56924492159669
145,74458095534422	59,377421870695798	230,81623265372292	686,83483262066659
81,201151356070696	37,893870632832986	144,86285401923013	677,9754797222862
70,639364919536277	-16,301391904508371	134,5408211852091	691,39636864321506
16,388539157261462	-5,4628463857538199	91,557305425234034	662,31549580879312
-5,4788918647301355	-16,436675594190405	146,61514630017842	740,96533578610354
38,44042626944708	5,491489467063869	190,88417387514008	863,48180380112285
82,561585155392265	27,520528385130756	246,36377010369051	898,49021071774905
115,97067966050373	16,567239951500532	214,04874017338688	901,47874989431568
138,61164269407539	5,5444657077630151	214,90349083289445	1004,8789648749689
127,7528876402091	16,663420126983794	259,72717504592072	973,36591435088008
194,54428022954792	50,025672059026604	259,91115838667599	1040,7563151480158
27,921775959806524	-72,596617495496957	160,60605532080712	956,2649830714538
139,987506228553	72,793503238847549	273,03163214816976	1082,0474281442232
84,323879592641575	28,107959864213857	307,83837643287018	1131,2891686148794
50,847737193629762	-62,147234347769711	230,28375200137214	1103,0569121871417
62,414024767979953	-17,022006754903625	276,66434978970022	1153,1842176222042
130,49637437040516	28,368777037044605	356,08488936898385	1243,9141355203319
142,09314201375611	62,520982486052688	265,77101282252943	1359,7745318148404
188,38154544090483	-17,125595040082256	301,18213143824659	1399,9603092099242
177,36948762032063	-40,051174623943368	324,75781023643219	1448,9370659667741
200,91957309765178	28,702796156807395	348,79637889752348	1511,1448120635957
178,48041703896916	28,787164038543416	326,79188616554484	1492,556881070399
190,30953289101382	5,7669555421519334	350,40021874115149	1587,2968434218983
225,49600808007295	63,601438176430833	293,49172743960264	1614,5514178533224
179,94304112155348	-40,632299608092723	317,86067521987962	1841,455818238762
168,90940955939658	-5,8244623985998816	342,24541054172903	1742,9121281570287
297,47655880252876	40,830115914072572	389,40264834621217	1943,7468324579349
228,85478850562603	-17,604214500432771	309,59945234761102	1849,8508597054756
253,34289275588182	-17,675085541108032	381,5461798807188	1963,3485019062805
324,92763082444947	17,723325317697242	441,66526691701534	2205,0179805257731
396,23428012508919	29,569722397394717	418,47071136793005	2183,6648596028049
360,93101194243479	5,9169018351218821	347,67715183176176	2196,5906372706477
374,86929787560683	17,850918946457469	516,24857593155002	2280,3953923467866
364,6547461759468	41,84562661035455	422,99950556409829	2362,7236373537903
399,86426817987495	-53,713110651027975	422,30441218519331	2394,6498352909407
510,42485955601478	42,034988434024747	436,92367977994866	2529,5455039926546
511,08233849190549	6,0127333940224181	485,58834890125047	2629,007549202362
512,00377066319027	-42,165016407556841	402,13378505264217	2693,9831340165319
648,35684918711445	30,297049027435254	525,71439472405655	2855,4362767377179
648,41409278865137	90,899171886259538	562,12047894462899	3037,486727751249
747,75513352121266	54,713790257649705	600,39265842727616	2962,0830183485828
604,40305595293887	6,1050813732620091	517,46669719768795	2999,0601738012292
717,16937296631943	-18,388958281187676	507,29006245036408	3170,5015937871713
756,25684514103011	-6,1484296352929277	533,43775515801451	3204,8074631000859
783,00483335404363	-43,157746720301617	497,91708930450835	3299,9646220820337
772,99521717749985	18,551885212259997	499,41674991403914	3371,7432977108801
776,74122005780748	43,49750832323722	588,83198410142268	3375,6552030736266
841,57437676316601	-68,572726995517229	503,44849383254291	3473,7696719074565
992,67967241440681	18,729805139894466	604,09864844539629	3578,8911661310349
943,39513252914946	-43,733549190093022	542,04610396178157	3606,3934192127563
1146,6929026482539	-6,2660814352363614	593,77387680299762	3704,757987769146
1099,3840456890941	6,2821945467948233	494,7856425055603	3714,2847038469713
1215,9319314263066	69,301819925851674	584,40334693836371	3825,7124665249244
1296,0920010301647	6,3224000050251936	472,66262437568355	3864,5037790715996
1391,0190793632896	6,3516852938963	551,07221609844305	3945,9209719801374
1470,9706727439864	-31,839192050735637	565,20933728465911	4057,8413484821558
1551,1454098945846	6,3833144440106366	553,8163611623628	4118,7698118534227
1658,2624748023518	57,623020359927281	606,70637881185667	4118,3812907021811
1599,3091567169313	6,4229283402286397	518,715692756865	4285,6347057341573
1851,1156227514482	32,249401093230802	649,88993083078719	4187,5202331538339
1857,3136167380958	-32,35738008254522	535,57935512628853	4188,5981369253141
2043,3057466561204	97,300273650291444	562,78478279328579	4107,6283524207038
2091,2090124047704	-19,544009461726827	617,33011219774471	4307,7602721574158
2411,3607935737182	32,674265495578837	593,10326727574704	4386,4547942504678
2444,9790689726779	32,774518350840189	634,25247912545933	4216,3762367988884
2547,0189594603303	32,907221698453881	584,16899959095338	4154,4709249864054
2609,4221642605708	-6,6061320614191663	546,72348940305017	4064,3566894675278
2738,3323725410728	-19,891034183107067	575,24870857545636	4238,3815637364532
3067,4659002729295	46,577573323016281	577,29575164355606	4067,1537025657817
3077,844321361023	73,440970791694696	579,24896598976659	3880,6208966331478
3163,8350949209671	20,066607367363428	540,19307032942356	3968,1047182048937
3442,3600093365976	-33,55126714753019	501,65854638987145	3792,9036484939929
3603,7482686777676	6,7359780722948921	543,99758911853553	3915,2198947406832
3735,5356975207151	20,265112283114185	464,47637352897721	3818,2173556358211
3788,8391310781899	20,333662599704059	466,04754678521709	3600,6849731555949
4198,1751483057069	6,8041736601389093	481,4633281914293	3573,8241732513611
4392,349991196882	-6,8310264248785098	538,01164122343152	3492,2939494548896
4321,4643635970788	6,8485964557798393	416,12072065318301	3405,3961016719672
4763,0332548707665	-34,365319299211876	376,36897696496845	3348,8316350695991
4933,8673468779998	34,502568859286711	488,28035449662559	3251,7981098500541
5009,7255415321397	-6,9290809703072469	421,01095975586833	3265,2601164475868
5564,0414836559203	-76,41005782798392	422,06137396620937	3037,2303349734261
5447,4952825524661	-20,92507790993265	479,60278569565634	2993,9601473531634
5879,1413644932745	7,0073198623280986	439,77939455971148	2895,7048599084637
6043,4297162726589	-7,0354245823895907	399,33069929643318	2836,9646086027788
6120,9896189258625	-21,179894875175993	400,72361103832981	2705,6609706541494
6494,4561040443195	21,246857483242049	444,48425854942366	2700,0506489703994
6801,6224021922981	78,17956784129079	488,69337134246859	2581,6314747882243
7257,194047037201	-7,1358840187189791	405,03277690248922	2549,2232068471681
7466,2580153593362	-21,475334655875368	320,41199306566045	2414,1139531158028
7593,885747096364	7,1843762981044126	379,04769348798879	2264,8027842144352
7939,8753719035258	36,057562996837085	394,90242994135974	2057,0118538435622
8389,4211293089538	-7,2384996801630317	367,42624376507547	2180,5256436523118
8397,7447955262141	-21,774619175953884	266,81166696935492	1925,1666634100029
8801,4539438340908	51,044057669294645	370,14233818477089	1788,2921004025457
8866,9190650732726	22,002280558494473	313,60583889374124	1798,6130947217284
9164,9636977506361	-66,359350989344904	241,54803760121544	1395,3159534692923
9372,1200059649545	36,985477529459175	301,50561282015116	1606,9450276999423
9666,9177906659315	66,873374416597528	362,30508183925502	1510,1494018254757
10015,399576278143	-22,439282097710553	289,91552470242033	1325,7127863327396
9960,1184700999474	-7,5170705434716583	261,29337209107484	1272,1890187771435
10330,278995221372	7,5348497412263828	322,19017493484012	1290,267669687606
10581,02119138647	7,5524776526670028	353,15385503870903	1399,0209603800356
10654,17899491111	83,413501027773805	354,58320982351847	1071,0293531966158
11219,74966372798	22,881882386936734	173,59721437556004	1092,5336110349394
11187,264136888205	-7,6677615742893801	251,19586917372007	975,64598271258069
10991,62346238914	53,918265057269785	206,1218247046485	1057,1060994942436
10954,798631606573	-38,654899899811475	175,95710434394186	844,53225301108114
11191,144690483643	7,7770289718440884	239,22141117392417	942,8869925463772
11266,831674370298	-54,731312783200615	224,86750794926425	838,48371183863333
11470,433706691925	23,553251964459804	162,98850359406185	857,65241486586297
11132,356055413729	-7,867389438454933	163,32700474232442	749,2901701184478
11487,008488961301	7,9275420903804692	196,28594215782044	707,453856145553
11215,071529766283	-23,946771949678894	101,85360335930089	616,54955513106586
11168,039229976808	-8,028784493153708	150,61999709156359	539,8554693196553
11174,818926229724	-8,0568269114850217	135,03241903648896	557,85469535122286
10936,332633354752	-56,664935924117884	119,48206489142571	447,16729434975315
10864,525870886248	56,96755138292415	217,77881071529291	628,59623840243728
10890,277829421882	40,910134595874837	137,13077116537247	501,06732853027501
10447,965871279381	123,30408187977238	88,450128068423396	437,64728795193884
10277,209211028257	-124,0210282907674	55,892143416372505	489,80038106300407
10478,887474341891	41,549910683354049	189,13519343062765	492,28334177637879
9856,9966155150287	25,038941445000074	123,19159190940036	494,4356304006015
9683,5619610056856	92,384372568137493	107,1658721790395	396,74888728352869
9405,137998263217	-8,4502587585473652	107,82530175906439	416,09074127087229
9406,4481681651923	42,486215755037001	74,435850002824836	435,39873905761925
9109,0573779020215	-25,611220368984128	74,784763477433657	283,77232168834416
8851,8306179675928	60,216534816106076	161,3803133071643	406,37558638755013
8699,4147124293668	-8,6561340422182749	110,45227037870518	426,22804023882787
8447,3651956924077	26,098965589162951	41,410358734805214	393,57240108457734
8240,1006767974322	61,167237261486768	163,92819586078457	360,36240923767349
7816,0063131058942	8,8117320328138611	59,567308541821696	275,27850870510497
7996,2290929032597	8,8748380609359163	59,993905291926787	401,49767387674086
7351,9607952900324	-26,799371064240702	113,98665825990378	296,937031391787
7235,2353789360013	9,0102557645529284	60,909328968377793	335,54192467195105
6683,9149175620696	-45,222699036279224	133,49740755509626	264,46234396416088
6920,9161739571546	45,472510998404431	116,04584806792811	411,43527951356333
6597,7387951003457	82,58643832531726	98,736675153379295	396,78195479852428
6496,474405972559	82,699108421149973	43,738639564963762	360,56811271621393
6181,5066364530767	46,338130708044055	25,578648150840316	289,52064066385924
5945,7779060425764	28,002093749023121	63,098051247798765	347,5993237378737
5859,4367184049661	9,375098749447945	44,625470047372218	367,87887492833738
5646,8894693519615	66,211434314009594	101,77643331696332	295,49217256709426
5448,9717571839055	85,585943830113692	45,265454736815684	354,13561647038159
5328,8590079610449	143,50607741367264	179,47826748536662	356,27775485901134
5202,1015958201679	48,256972131912505	161,75737058617074	398,02350614401439
5058,2348928875708	9,7087042089972577	65,63084045282146	283,88251107107976
4812,632259125352	29,285794680275973	7,4190679856699138	324,48660505745784
4936,6080204394666	-9,8143300605158377	125,23085157218209	326,2283312115465
4708,3556059953626	-9,8707664695919561	7,5017825168898868	268,87967863168484
4812,9695415829001	49,823701258622158	147,07956611545259	331,22796596732013
4451,544124357797	30,145897004680343	27,734225244305911	273,72474480249747
4560,0944722376071	212,33255857425664	88,573010148118485	396,75855230732526
4297,5661697007481	132,07650166929014	170,2770898444079	418,98730221857886
4023,5095295091178	51,189688670599459	48,732583614410686	340,30905028214522
3846,6129569207123	30,937905819737633	7,8376028076668671	384,04253757567653
3787,8876737159922	72,644421139758748	49,398206375035947	158,15728259570335
3530,5036804275637	-31,428816146239441	7,9619667570473247	201,56347421788226
3660,5892959243838	52,74624345712369	113,50991591973018	308,46003173725933
3513,213263492697	53,069686759708411	71,75021649912577	204,21215465135796
3537,022719759444	160,28803865979353	157,72343004123684	376,57003215807498
3290,598342102382	161,83270534929747	137,66568801713572	423,35435719376221
3122,9248342558644	-54,406355997488923	8,269766111618317	252,88074267632851
3166,5764471581815	208,18322662977664	52,155376776722989	276,55498105976642
3073,7152208889893	33,050701299881602	96,508047795654278	322,13416866951269
3032,2145156098468	122,1771416546092	52,869381297812708	369,19710805447363
2744,7954152738912	100,82921933659193	98,1404401542828	305,1764371920849
2632,6706098869731	-11,299015493077139	98,97937571935573	239,9910890729584
2766,4830027970038	11,384703715214009	99,73000454527471	332,88873663285756
2768,2237990200128	103,37765224556065	-37,21595480840184	266,94407090964768
2536,1751508731527	-57,903542257377914	8,8013384231214431	176,48999680048789
2246,4356330399387	-11,639562865491911	-37,712183684193789	247,22431526304814
2309,2099632539239	128,9406578466658	79,239895185769157	295,86020036816768
2332,7313225817425	130,25403324060491	80,047024064226292	275,19124841015076
2092,1917209554622	83,687668838218485	152,5506649108097	325,6645855932959
2342,9273367495698	-12,015011983331128	33,161433073993912	303,25890245927764
1975,102746579619	12,11719476429214	33,443457549446308	257,36921679356504
1793,8955494719091	-12,203371084842919	33,681304194166458	137,16589099363443
1976,7165316412536	36,833227297663115	58,442053978958803	383,55667359299849
1865,5115886540266	61,771906909073728	108,22438090469717	311,8245860770042
1781,2485118782081	186,84424949771415	109,11704170666506	314,39659048815366
1897,2280327628005	314,11060145079477	160,32205098048564	392,51260757291311
1635,4144634021914	139,45394649165974	85,700788934874524	218,5623670469285
1859,9692413850221	115,44636670665655	138,02254508484717	323,762921741779
1535,9512723840298	141,97868904390194	113,06666509314371	274,14794139022513
1441,4115975434163	142,84259074754576	9,8691244516486165	223,87329677160807
1638,752113380335	249,09032123381093	167,2838157338646	383,33689436192799
1569,9129974231134	329,81365492082216	141,95179707792187	412,13514318905936
1452,5996993077551	306,5118631566823	90,087834562572695	309,7102478157085
1306,7599137419445	67,358758440306417	-43,648475469318555	259,19650247829907
1263,778046017442	258,19121370248814	91,861716033095774	370,16466638188297
1409,7356179893304	95,807275008983623	10,401932715261079	290,70664588440172
1199,6673660029185	317,15344158697849	203,52977381842618	403,19854921753262
1181,448717314235	236,28974346284701	121,75871486673763	295,22318536181587
1277,8866753353554	351,0677679492735	66,843303017541672	382,52343995752835
1204,1799532811576	269,16963661578819	-74,234152414038419	300,9033200904916
929,06445957771825	271,57268818425609	68,036105039845211	360,76287630371706
1197,7701659891623	245,32641953994889	39,829465760603462	393,09950989812984
945,45353644277327	421,81773164369883	127,41804583444144	308,94512483145388
925,41068195641174	396,60457798131932	158,0542688547776	488,26430267033538
697,33839726438941	103,85891023086651	-137,09376150474378	137,09376150474378
1062,1058038383462	463,73633688716524	131,04291326230862	168,14182021328185
1012,0579598043289	287,00151098928728	41,690745806864889	320,83747860065591
1080,3108919155225	593,41020823528697	163,72035488747917	323,18032879275626
842,16163129534755	352,17668217805442	42,26120186136653	172,10721337744923
944,45904022332456	232,24402628442405	135,63051135010366	297,89167104748793
704,40942725266848	297,41731372890445	11,896692549156178	175,94582138488875
710,61615594312184	268,45499224517937	12,001517300372724	272,24494507687598
746,9527832921957	397,31531026180625	-51,492064209930092	178,6329634937081
659,96115892939974	338,02888628091205	12,233426360642532	277,50561902299637
763,87049527749389	438,81922069132628	174,87758572735817	507,73009090359375
507,37668548745847	441,90872606972187	-53,029047128366628	445,83680363478607
708,72220887859555	477,97544319719231	111,41772400044897	284,14816002481359
617,63517226205079	517,47811730063722	79,457930269388157	154,24186464057701
825,56234463958288	657,08023348864765	181,28675159840637	458,94527077514772
627,90037271804067	593,95981203057897	284,4218985609287	326,50819381338113
908,88011606945452	840,28539032836363	184,51981224353455	364,23799368519269
536,66317700782645	675,15690010662036	-21,466527080313057	298,45397327790084
612,2740372990927	962,14491575571708	83,269269072676593	371,56287292093504
690,31978315908168	761,12181220103878	119,6554290809075	446,76080325474925
482,79552798891473	911,9471084235056	120,8776951557431	344,0365169817303
415,61617034018991	596,31885309679421	-166,96927886710239	94,688205764460662
492,26628404938901	601,65879161591988	159,71306104713508	241,39280003014483
605,80255446484477	936,24031144566925	197,52834806187062	243,05532791256198
426,65808619180399	946,06793025139143	125,40037663724326	208,50595168677725
619,98890247770794	920,58958246689963	89,428702296784536	474,1975726829499
628,30147686342673	932,93249594872452	319,10099249184947	442,47655522139507
596,05204267900331	980,60174763319901	129,97780027451813	177,66196368883843
485,90892623352818	952,38149541771531	325,75334414695732	490,57365192537003
451,84158053719989	1080,4907360672171	132,80213410571614	299,39416032117072
495,97929458986454	1051,4761045305129	94,434457689910204	302,34897798198142
497,9714828383818	816,67323185494615	134,65148895949844	263,725697311207
503,62216943459788	987,09945209181194	176,4692081698831	266,71830093256307
265,51805076900683	1123,3455994073367	-25,326337150274497	392,9667151381301
475,72028485074298	1344,426891969491	98,453415473458108	315,21639744023145
273,13646152186334	1029,5143549670233	57,988971830795599	194,13699265092441
532,35629547334372	1597,068886420031	399,48016412319714	324,52439772055033
322,88865956698106	1399,1841914569179	145,51515591151946	241,95123556885781
455,48501144942077	1366,4550343482622	190,00231906175836	287,1724548376348
373,528566712523	1252,4193119184595	148,53253593980327	334,85737392346181
200,44783807602951	1269,5029744815204	-161,24914974116155	116,70518572426609
608,69224168565427	1826,0767250569629	62,221873594533541	478,83789679271467
296,09136288743417	1434,9042970698733	153,96750870146576	256,00514760421231
253,01883186582862	1587,1181271583794	155,49157303754558	304,54266671850644
441,87369387457198	1465,160142847265	157,21400897853192	261,40317469211521
402,33437176451451	2011,6718588225726	301,98744610089443	360,68093092301183
312,2292164248949	1561,1460821244743	18,25340034484001	317,99344811273909
509,48644768277785	1916,6394936637835	261,05115128888997	418,26411228814709
24,539200547802555	1693,2048377983763	-79,507009774880288	177,66381196609049
225,06039734785526	2025,5435761306971	119,031943486199	381,10227284236822
428,72901879791516	2244,5225101773203	120,04412526341623	233,02683139369034
127,45682422106972	1962,8350930044737	-82,592022095253185	133,57475178368108
129,28836151857578	1732,4640443489154	-83,778858264037112	-71,36717555825382
79,113871239936955	2136,074523478298	72,784761540741997	454,64104672550434
239,57746279278231	2156,1971651350409	126,70985809929374	458,92393983861848
404,62876886490426	2292,8963569011239	74,451693471142377	411,10282916674271
413,80176471418258	2069,0088235709127	241,66023059308262	475,59616157816714
27,710729343992476	2299,9905355513756	-89,782763074535623	145,20422176252058
306,66128273069103	2313,8987696952145	-146,08228377352918	34,569090053277897
368,78420031835117	2297,8092481374188	305,23984580195838	148,64840074370463
-144,1303491753801	2565,5202153217656	-208,70074560595037	-21,907813074657774
146,9537895798687	2615,777454521663	-95,226055647754933	389,13363480749234
209,37968500628509	2243,3537679244832	142,37818580427384	96,912882774337675
393,80818097139644	2453,7278968217779	83,608506113927234	461,66435984646779
214,19486073253822	2723,3346578851288	390,44663184959825	527,53134271842271
217,09089676293505	2884,2076284218515	271,67375080618729	286,55998372707427
220,58424943689735	2426,426743805871	86,973218349405244	354,19528052438949
352,69355635353384	2853,6115014058646	-103,88428387140452	552,76699195772028
295,0009051885188	3113,8984436565875	-40,644569159307039	106,20032586786678
365,66450590487784	3290,9805531439006	424,17082684965828	573,09600743637213
167,21217467221462	2976,3767091654204	25,416250550176624	175,23835905648093
376,85280256444514	2843,5256920771767	368,63055959940266	522,11242828019488
173,81994778913091	2746,3551750682686	26,420632063947899	112,63532616735684
-35,247040333147218	2925,5043476512187	-114,20041067939698	396,1767333445747
467,65430096875889	3057,7396601803466	27,339789902788983	548,2347343664527
109,53589676522277	3249,5649373682759	27,749093847189769	264,346630860071
184,41222920682145	2987,4781131505074	-193,2640162087489	562,0884746223918
261,65568252928398	3326,7651064437532	103,16709768297481	494,90303381253136
269,17226321746267	3037,8012563113643	413,75622174569975	509,12010928560079
38,779630544590688	3218,709335201027	-48,086741875292454	-29,472519213888923
352,80638370502805	3096,8560347441353	343,39821347289399	597,41880974051423
121,05132666227244	2945,582282115296	30,666336087775687	453,5389705613141
122,27147047100438	2812,2438208331005	112,48975283332402	458,11044269802971
-41,427033893166133	2858,4653386284635	114,33861354513853	465,63986095918739
295,32145201660319	3248,5359721826349	285,19614509031965	727,33454753803403
-128,2913622532233	2608,5910324822066	-138,55467123348114	224,08224606896334
391,48232674228075	3088,360577633548	381,04279802915323	488,91792806480396
133,29934600548069	2799,2862661150943	-410,56198569688053	410,56198569688053
-136,65908057596846	3325,3709606818993	-56,485753304733635	420,90996817398286
-46,652795289817213	3405,6540561566567	408,67848673879877	804,29419079644867
615,05400350599143	3548,3884817653347	319,8280818231155	910,2799251888672
-47,840709764410647	2918,2832956290495	-59,322480107869204	1111,8180949249033
243,97612933690289	3366,8705848492596	329,85572686349269	1036,4105974231634
-349,63850005753636	2347,5727861006012	-461,522820075948	261,72939147164152
555,36989662887208	3180,7548625108125	341,30004556465224	1072,3687822179311
-50,742142427426487	2689,3335486536039	-164,40454146486184	976,27882030368551
-52,020976523065904	2549,0278496302294	39,535942157530087	688,75772916539256
158,51349314423069	2589,0537213557677	40,156751596538442	1016,5998693649993
-53,723669914083949	2739,9071656182814	-281,51203034979989	1033,643409146975
-165,50531338004654	2482,5797007006981	-68,408862863752574	730,43011638393875
-278,72231663786113	2954,4565563613278	-69,12313452618956	738,05669445705632
283,40971143431631	2777,4151720563	-70,285608435710444	1090,560569599249
57,779205503413728	2484,5058366467902	-71,646214824233013	880,55509187202517
58,664483786968354	2522,5728028396393	161,91397525203266	1246,0336356352077
-59,484848759771651	2438,8787991506379	-311,70060750120348	1501,3975826966364
182,0066676801647	1880,7355660283683	288,78391271919463	1167,2694287221227
438,22071908935044	2817,1331941458243	-77,627670238684928	1580,0987071164577
446,94839828543627	1979,3429066926462	-79,173716267705856	1228,4695975731133
-322,48561105161764	2386,3935217819703	178,0120573004929	1627,9073645885655
-456,19854055131765	2020,3078224415497	-341,49719321270067	1514,5791546303744
865,13705067075148	2994,7051753987553	849,16528973529148	2078,9908817657133
-67,627892715286876	2366,9762450350408	-219,11437239752951	1706,9280121338406
207,13065998435806	2554,6114731404159	-223,70111278310671	1466,4850726892548
495,09128854423284	2334,0017888513835	336,66207621007828	2775,3403089250996
71,983587382930892	1943,556859339134	198,67470117688924	1816,8657455451755
-72,217495986442344	1661,0024076881739	199,32028892258083	1967,2045906706892
363,65228625203918	2545,5660037642742	491,65789101275698	1835,7167410002937
517,26589195252836	2290,7489500754828	499,53106137129885	1865,1130161259737
229,69887979807268	1454,7595720544603	211,32296941422686	1166,8703093742092
715,64312742205436	2146,929382266163	60,432086315640142	2325,0450050912073
-81,705705476297851	1225,5855821444677	62,096336161986365	1898,8405952691619
79,733409166051629	1674,4015924870844	60,597390966199242	2809,8053390116597
566,36630303422112	1699,0989091026631	61,491198615144	2527,6119009698664
408,97685448640863	2208,4750142266066	-101,42625991262935	2064,5151614473907
-737,65303353772219	1229,4217225628702	-429,47798841529601	1085,1695737821601
87,190362526668721	1656,6168880067057	240,64540057360566	2549,4462002797932
436,00907319606603	959,21996103134518	-282,53387943105076	2026,5701722153146
-597,61656123798684	1451,3545058636823	-447,35868298386441	1813,3393943849769
-616,60605894675348	1497,4718574421158	595,46527978286485	1694,7857963050767
273,39930515201712	820,19791545605142	-113,00504612950041	2117,9332839109593
277,32241983470072	1571,4937123966374	1179,5446923635936	2702,9691853222162
457,97370997403482	824,35267795326263	-113,57748007356062	2678,2302559281552
656,11820516835553	1780,8922711712507	1008,5474125159293	3303,0865071618355
287,31423010296254	1436,5711505148129	-884,92782871712473	1651,0991089916913
686,41149214379755	2255,3520456153346	-121,59289289404413	3259,4739998371188
-708,6103220748962	911,07041409629505	76,934834968131582	2352,5862692886549
-692,33323299682547	296,71424271292523	470,78659843784129	2496,3558286914104
-697,04304222458313	497,88788730327366	-720,94166081514027	1915,8725903429968
517,06996019944313	1137,5539124387749	905,90657026942438	3851,137063565453
-293,69234945680449	1468,4617472840225	857,58166041386914	3449,9061316192638
302,57706359280439	1109,4492331736162	681,80698329578593	2545,681695027461
-104,760668295711	314,28200488713298	498,66078108758433	3482,2446141494338
711,58403501493115	1321,5132078848721	1907,0452138400155	2159,1492719595908
-104,23598411804687	521,17992059023436	79,219347929715624	1797,028366195128
-318,38701630985236	106,12900543661745	292,91605500506415	2041,9220646005197
-743,75070047827467	956,2509006149246	930,75087659852659	2681,7525257245215
-720,24928296984922	514,46377354989227	78,198493579583626	2185,4421100399422
740,92524245734342	529,23231604095963	927,21501770376119	2459,8718049583799
968,27663394511683	753,10404862397979	1372,8010943488546	3360,9957827161611
-523,22569617803663	1151,0965315916806	1753,8525335887791	3059,8238712491584
1186,8071182452036	1186,8071182452036	1376,6962571644362	1860,0504289588462
540,74018410038536	-108,14803682007707	947,3768025438751	3594,8407438993618
529,87526414110744	1165,7255811104362	1776,1418854009921	3734,5608616665249
748,08289338183397	320,60695430650026	1791,1241847256483	4407,2769318666906
-751,81231552494046	751,81231552494046	940,83941199978256	2066,4098500999789
321,89976912824511	1180,2991534702321	1798,3467101964629	3137,4497497699622
319,38584277452185	958,15752832356554	1784,3022416336621	3964,6429283077314
-330,20519982641571	330,20519982641571	2064,8831829145197	4098,9472138452402
556,62296769017439	1224,5705289183836	2533,7477489256739	3923,0786762803496
1439,2290060487089	1439,2290060487089	2298,3380127362461	4787,0970939650906
-111,58413454945168	781,08894184616179	2539,6549023455204	3709,0566324237739
-786,56382908954095	-561,83130649252928	984,32844897491123	3959,7870481593463
574,37797062724724	-1033,880347129045	1236,0613927898362	4277,9671252317385
845,63333982691722	362,41428849725025	1783,0782994064712	2324,2836368956982
-572,18156904444459	572,18156904444459	773,58948134808895	3574,9904433896895
-332,48839035474214	-1219,1240979673878	1857,5018074484931	3905,6302920337048
983,87604792322395	983,87604792322395	2269,4740838762368	4289,6995689452569
1216,5705865333616	774,18128233941195	2296,0004887665991	4339,8390741426465
3,4999999999999998e-07	1,4999999999999999e-07	1,238e-06	2,1620000000000002e-06
4,4999999999999998e-07	4,9999999999999998e-08	1,3380000000000001e-06	2,362e-06
-3,4999999999999998e-07	1,4999999999999999e-07	6,3799999999999997e-07	1,4619999999999999e-06
2,4999999999999999e-07	3,4999999999999998e-07	9,3800000000000006e-07	2,362e-06
1,4999999999999999e-07	5,5000000000000003e-07	1,8379999999999998e-06	1,6620000000000001e-06
-3,4999999999999998e-07	-4,9999999999999998e-08	7,3799999999999996e-07	1,762e-06
2,4999999999999999e-07	2,4999999999999999e-07	7,3799999999999996e-07	1,8620000000000001e-06
-4,9999999999999998e-08	-3,4999999999999998e-07	8,3800000000000007e-07	1,4619999999999999e-06
-1,4999999999999999e-07	-1,4999999999999999e-07	7,3799999999999996e-07	1,4619999999999999e-06
2,4999999999999999e-07	1,4999999999999999e-07	1,0380000000000001e-06	1,6620000000000001e-06
2,4999999999999999e-07	4,4999999999999998e-07	7,3799999999999996e-07	1,8620000000000001e-06
-1,4999999999999999e-07	-4,9999999999999998e-08	8,3800000000000007e-07	2,1620000000000002e-06
-4,9999999999999998e-08	-1,4999999999999999e-07	8,3800000000000007e-07	1,3619999999999998e-06
1,4999999999999999e-07	1,4999999999999999e-07	1,0380000000000001e-06	1,5619999999999998e-06
-4,9999999999999998e-08	4,9999999999999998e-08	1,3380000000000001e-06	1,962e-06
-4,9999999999999998e-08	-4,9999999999999998e-08	7,3799999999999996e-07	1,3619999999999998e-06
1,4999999999999999e-07	-1,4999999999999999e-07	1,438e-06	2,0619999999999999e-06
1,4999999999999999e-07	1,4999999999999999e-07	9,3800000000000006e-07	1,962e-06
-2,4999999999999999e-07	4,9999999999999998e-08	9,3800000000000006e-07	1,4619999999999999e-06
-4,9999999999999998e-08	1,4999999999999999e-07	8,3800000000000007e-07	1,2619999999999999e-06
-1,4999999999999999e-07	1,4999999999999999e-07	9,3800000000000006e-07	1,962e-06
-2,4999999999999999e-07	4,9999999999999998e-08	8,3800000000000007e-07	1,762e-06
2,4999999999999999e-07	1,4999999999999999e-07	9,3800000000000006e-07	1,6620000000000001e-06
4,9999999999999998e-08	-1,4999999999999999e-07	5,3799999999999997e-07	1,8620000000000001e-06
3,4999999999999998e-07	4,4999999999999998e-07	1,0380000000000001e-06	1,962e-06
4,9999999999999998e-08	2,4999999999999999e-07	1,1380000000000002e-06	1,6620000000000001e-06
3,4999999999999998e-07	-2,4999999999999999e-07	4,3799999999999998e-07	1,4619999999999999e-06
-2,4999999999999999e-07	-1,4999999999999999e-07	8,3800000000000007e-07	1,6620000000000001e-06
1,4999999999999999e-07	2,4999999999999999e-07	1,0380000000000001e-06	1,762e-06
-4,9999999999999998e-08	-1,4999999999999999e-07	9,3800000000000006e-07	1,8620000000000001e-06
-1,4999999999999999e-07	4,9999999999999998e-08	1,0380000000000001e-06	2,1620000000000002e-06
3,4999999999999998e-07	-4,9999999999999998e-08	1,0380000000000001e-06	1,5619999999999998e-06
-2,4999999999999999e-07	4,9999999999999998e-08	8,3800000000000007e-07	1,4619999999999999e-06
5,5000000000000003e-07	1,4999999999999999e-07	9,3800000000000006e-07	2,4619999999999999e-06
2,4999999999999999e-07	4,9999999999999998e-08	1,0380000000000001e-06	1,962e-06
5,5000000000000003e-07	2,4999999999999999e-07	1,238e-06	2,1620000000000002e-06
4,9999999999999998e-08	1,4999999999999999e-07	9,3800000000000006e-07	1,962e-06
4,9999999999999998e-08	2,4999999999999999e-07	1,6379999999999998e-06	1,5619999999999998e-06
-4,9999999999999998e-08	-1,4999999999999999e-07	7,3799999999999996e-07	1,8620000000000001e-06
-6,5000000000000002e-07	-4,4999999999999998e-07	4,3799999999999998e-07	1,5619999999999998e-06
2,4999999999999999e-07	2,4999999999999999e-07	6,3799999999999997e-07	1,5619999999999998e-06
2,4999999999999999e-07	-1,4999999999999999e-07	5,3799999999999997e-07	1,5619999999999998e-06
-1,4999999999999999e-07	-4,9999999999999998e-08	1,3799999999999999e-07	-2,3799999999999999e-07
-4,9999999999999998e-08	-3,4999999999999998e-07	1,3799999999999999e-07	5,6199999999999998e-07
4,4999999999999998e-07	-4,9999999999999998e-08	-2,6199999999999999e-07	-3,8000000000000003e-08
-5,5000000000000003e-07	-2,4999999999999999e-07	-6,1999999999999999e-08	-4,3799999999999998e-07
